Rank,Model,TOPSIS Score
1,ChatGPT,0.5282979313077474
2,GPT-4,0.5180816110616808
3,BlenderBot,0.48191838893831923
4,T5 (fine-tuned),0.4254822432248794
5,DialoGPT,0.40549762689189633
